tract,ra,dec
8278,29.102556912364847,-6.789116929065918
8279,30.352063866104547,-7.16345315552103
8280,31.292969540391212,-7.267608485748999
8281,33.50278009620588,-7.278721863266639
8282,34.975044210139025,-7.210981627727821
8283,36.57207048456385,-7.179048828502987
8284,37.85170355337438,-7.2568997556780115
8285,38.97905578468002,-7.183119953234823
8286,39.7333520128526,-7.054724742716854
8519,28.739571055689662,-5.879230435970502
8520,30.43582925960892,-5.88472389999287
8521,31.890223646857354,-5.878938990124644
8522,32.723780674717624,-5.930278040505253
8523,34.74829834667853,-5.920397297538813
8524,35.90673828573759,-5.923976225729759
8525,37.832698150821535,-5.893229081015523
8526,39.17704037576193,-5.869164431228685
8527,40.26640849244711,-5.906217053873502
8761,28.834907930389107,-4.4355960986113425
8762,30.47543590492345,-4.452526220905511
8763,31.955269242193328,-4.419710844394009
8764,33.395927991221086,-4.428837538210694
8765,34.87943476991318,-4.456657256179127
8766,36.389379883044214,-4.388497526075607
8767,37.89066338707803,-4.4085229923624425
8768,39.34592478441372,-4.374074750652137
8769,40.08288727790346,-4.4301271291335835
8984,0.6385308611827657,-1.637377104643051
8985,1.8977839631511688,-1.628202995430153
8986,3.311233413305022,-1.5910804625250594
8987,4.599993782210776,-1.6364806007314983
8988,6.60256089326822,-1.6276449974871445
8989,7.1174218637734175,-1.5852584446942746
8990,9.519838822705147,-1.6565765527380096
8991,10.90038725651774,-1.6461108456577318
8992,12.203586180683725,-1.5904076850487692
8993,13.482570197820714,-1.5962588653632777
8994,14.980440634260022,-1.5870815157744176
8995,16.35773310701377,-1.588959037856991
8996,18.586614824632147,-1.6565501786734442
8997,20.039552905312156,-1.6335115551289692
8998,21.49690809659825,-1.6395843651584354
8999,22.84122734884302,-1.6531545652089703
9000,23.87863823653292,-1.638602512296353
9001,25.345438238107164,-1.641776017591985
9002,26.72879915530498,-1.6358249772800555
9003,28.965615164732117,-2.9440998769360966
9004,30.280217401890386,-2.9272432948415674
9005,31.943012356719436,-2.957991041971889
9006,33.398966030107005,-2.9182837311160306
9007,34.69969066872925,-2.9612480889122623
9008,36.403079574208604,-2.8934997044101083
9009,37.89237986705237,-2.902309598308379
9010,39.40683769447695,-2.931004404961875
9011,39.926555542995416,-2.9243375371249796
9070,128.60722601268603,-2.5422401347251293
9071,129.8746640885688,-2.5434498128027174
9072,130.81815926305558,-2.538199264148533
9073,132.58194205824876,-2.5354796716745445
9074,133.4354276316279,-2.5452352884003666
9075,136.09341654665906,-2.547854145937542
9076,137.60169910813045,-2.54700567742233
9077,139.01481264296848,-2.553189953240654
9078,140.13237176298406,-2.5423517776709343
9079,141.45649822081955,-2.5298192113353384
9080,142.4004855037286,-2.5200459418015915
9081,144.9692612269872,-2.5434600832810896
9082,146.44754074885412,-2.5444708971082433
9083,147.78935109091663,-2.54586189148268
9084,149.3898633914476,-2.538164154915404
9085,150.74673308560503,-2.5331504192099965
9086,151.6412808719969,-2.520074951390902
9087,153.30772847749625,-2.5358329676650664
9088,155.34214907883793,-2.521340739067189
9089,156.85044759424,-2.5369957664784697
9090,158.19829545010975,-2.517592745020336
9091,158.52714923553052,-2.5496106283887805
9092,160.87820805123835,-2.531191746912855
9093,162.5400490805644,-2.384274145317434
9094,163.4186426452368,-2.543443751136527
9095,164.79075500155008,-2.5301003774811504
9096,167.21824002051903,-2.543871822075076
9097,168.53663597253586,-2.530469923373692
9098,170.21148618684703,-2.533939011174069
9099,171.28196676166618,-2.514111634866913
9100,172.2072822224481,-2.5426925686264994
9101,173.78768008623155,-2.528531443067029
9102,176.2267756974033,-2.5539928761089277
9103,177.70578262064757,-2.527903362466827
9104,179.1862318661253,-2.536960244105564
9105,180.421707808901,-2.5355374960961763
9106,181.5998493854739,-2.5146733900494227
9107,182.7155341376714,-2.520539250176325
9108,185.18439140969392,-2.543337784886766
9109,185.35851394066685,-2.55348832273761
9110,187.99255464048974,-2.555164778975198
9111,189.42745991528656,-2.5517412469390828
9112,190.98499652610136,-2.5505253086415833
9113,192.00527154917904,-2.558308835889673
9114,193.16500862285108,-2.524498741366075
9115,195.50720606471268,-2.5130755833130793
9116,197.02452628865427,-2.5371825375949566
9117,198.42551659196968,-2.529774770395042
9118,199.5842198863273,-2.5235720034687663
9119,201.16779112192899,-2.5531084007993523
9120,202.45720086432084,-2.550824650979561
9121,203.81838950828666,-2.542019919552823
9122,205.09941032878572,-2.553914280918881
9123,207.40842855234126,-2.544826499781291
9124,208.94358603680627,-2.553223405812546
9125,210.35205636035568,-2.5468445199663408
9126,211.69516476905676,-2.5421580874303307
9127,212.94931590878286,-2.5360724677761604
9128,214.24144384860176,-2.5149768375132098
9129,216.39737922766088,-2.524399211947131
9130,217.91749207222355,-2.5532691487022157
9131,219.41747425972613,-2.5545575587576863
9132,220.68897883821677,-2.556320421795684
9133,221.93411371581826,-2.5547362789399632
9134,223.4795414455384,-2.5375307783182923
9135,224.58421230795963,-2.5371457063699587
9136,225.4515290036676,-2.3888376235490076
9206,330.94773617593495,-1.600587901975879
9207,332.18414610403283,-1.648496067154302
9208,333.4944471125815,-1.6448582690249598
9209,334.79322465619003,-1.6405902519064992
9210,336.13705943279047,-1.642200016718965
9211,338.2569181095845,-1.6289606575900193
9212,339.3673810559649,-1.535367745726586
9213,341.21284535146975,-1.6454409490616682
9214,342.58075633058735,-1.6474319339106769
9215,343.76093435262356,-1.6519501417805507
9216,345.0122269232248,-1.6102815070842804
9217,347.35314453700266,-1.6586429983680742
9218,348.82367492879683,-1.5945831155928973
9219,350.26503215597404,-1.5874914605376234
9220,351.54931292629897,-1.598826573861978
9221,353.00244483531543,-1.606846374226614
9222,354.1996251555626,-1.6367516327947003
9223,356.19741099623036,-1.6129449056383063
9224,357.59760869738534,-1.6052692715764894
9225,359.05655929126226,-1.627371813606924
9226,0.5590025599807508,-1.4865557961839984
9227,1.9556529489048051,-1.4874068783640861
9228,3.5767225353593735,-1.4305169857533016
9229,4.922812206541523,-1.4757011250303607
9230,6.549862901104157,-1.4512719111092904
9231,7.848490205920755,-1.4149385572565438
9232,9.462082109850774,-1.4626318696099927
9233,10.782772713611411,-1.4638534237008574
9234,12.528201938616714,-1.4276354915554685
9235,13.94740522569467,-1.4179870238684118
9236,15.09498683285423,-1.4658792343362075
9237,16.87212953265082,-1.4111818477137994
9238,18.48416362082252,-1.471056519033543
9239,19.926373710523233,-1.4533732512763526
9240,21.33842943324581,-1.45121794667508
9241,22.951769248782885,-1.4170154758181372
9242,24.43639096141254,-1.4375352975464566
9243,25.415407692173112,-1.4818518510574583
9244,27.29916593363714,-1.4505159420808922
9245,28.81280238485365,-1.430702470775299
9246,30.32024243750913,-1.456991026541014
9247,31.790321394042326,-1.4321192182974887
9248,33.24148126987534,-1.4414616767009099
9249,34.80323491658285,-1.4800434953200015
9250,36.214611241635474,-1.447192006331657
9251,37.70883720049949,-1.470186004369193
9252,39.254738976864374,-1.4640957015681244
9253,40.18912763907838,-1.4486316594860806
9312,128.14551400785945,-1.4785870827593426
9313,129.60113859327112,-1.4421218976632983
9314,131.05275808636986,-1.4360368751305495
9315,132.40632852214182,-1.4457426671494698
9316,133.8187863136141,-1.4570703043762567
9317,135.5513367740918,-1.4235658078698392
9318,137.0246417451566,-1.4148769340915937
9319,138.4989263990493,-1.4847470748245866
9320,139.7783148220818,-1.420596722133154
9321,141.4236096795954,-1.454051138000889
9322,142.92056957528018,-1.4639704816925767
9323,144.43222548196152,-1.4829105224649108
9324,145.90433757810592,-1.4479322430351473
9325,147.32667818534793,-1.4837151752544604
9326,148.8602327766625,-1.4381585797880587
9327,150.3401791898232,-1.4584986883257973
9328,151.84346955489667,-1.4096732300654324
9329,153.26063844493098,-1.459640009622102
9330,154.80689370214415,-1.4469235931964557
9331,156.28252917365785,-1.4770743958157662
9332,157.7030326344632,-1.4561804224932906
9333,159.22871658946045,-1.475515808461526
9334,160.6982913478522,-1.4501264859828706
9335,162.1389865358235,-1.4659587667070693
9336,163.6718925069139,-1.4121895575507972
9337,165.14524841269366,-1.4830220798217673
9338,166.65102029778927,-1.472907545001889
9339,168.0986592016123,-1.4632623028396539
9340,169.61840190337333,-1.482786108553419
9341,170.8905291872746,-1.4804664237590117
9342,172.51125592210016,-1.475584737345558
9343,174.02213142482486,-1.441877612894499
9344,175.4989374167845,-1.407406301816982
9345,176.9897307466825,-1.4346065660095828
9346,178.51187331407186,-1.4743554043769278
9347,179.931226601227,-1.423226961726976
9348,181.40628380174653,-1.4214331945288239
9349,182.77994814906546,-1.4798456265986824
9350,184.41000924767886,-1.4492688987393807
9351,185.79195871198803,-1.4484119329707605
9352,187.33610327281457,-1.45278581801638
9353,188.84569843241084,-1.4471174057311385
9354,190.18963965307674,-1.4448923677924161
9355,191.771261141527,-1.4215404585167402
9356,193.2776073246869,-1.4272024609542138
9357,194.56305292290182,-1.4356674558520077
9358,196.29321420529718,-1.4174577120673666
9359,197.77360142709603,-1.4778165067456972
9360,199.20968844051916,-1.4489028090864866
9361,200.70277755921882,-1.4692754074496335
9362,202.21373542125272,-1.402842606986419
9363,203.67748533846768,-1.4457768993529132
9364,205.17465358297858,-1.4677255345946256
9365,206.61995484097145,-1.4305518057017774
9366,208.1061421396413,-1.4029513654102739
9367,209.46588053433655,-1.487100094888117
9368,211.05263354382708,-1.4722788076558162
9369,212.55536332630584,-1.4339921754339435
9370,214.07136644610597,-1.4732946450001532
9371,215.53074859973603,-1.4689296180510587
9372,216.97048333575182,-1.4527658181987493
9373,218.46558977039234,-1.464751356887224
9374,219.98797955314387,-1.4121897041103564
9375,221.41982945836978,-1.478111693407144
9376,222.92015811877184,-1.423381058837703
9377,224.41880720214223,-1.441968915574239
9378,225.91258308379292,-1.4700694398919951
9379,226.15448092432354,-1.2997176724492616
9448,329.5814888918412,-0.5932438222960259
9449,331.0487550883227,-1.4152773511816337
9450,332.57102445049014,-1.4874606220083273
9451,334.07023973619096,-1.4457230022499228
9452,335.5064292533015,-1.3993858313885534
9453,336.98346712423694,-1.4074520446308445
9454,338.0288204823129,-1.447358622954889
9455,339.5843413992661,-1.4255348374663421
9456,341.4279959308574,-1.4750299750549616
9457,342.8837018677345,-1.482451103841956
9458,344.3607450042756,-1.4661591465783093
9459,345.91470536735767,-1.397332524265816
9460,347.34459798924627,-1.4356703447018733
9461,348.8741974070027,-1.4694166832787754
9462,350.30840251800953,-1.429135871960444
9463,351.8076471868931,-1.4298075035229798
9464,353.2811233520888,-1.437152829374105
9465,354.78094643551736,-1.4683296819746452
9466,356.2333044518644,-1.4323393186205922
9467,357.5408562472911,-1.414191186206145
9468,359.024745104213,-1.4302666623634965
9469,0.5181633874424303,0.05246862815113505
9470,1.9731282016101015,0.001751217251884089
9471,3.68427378106953,0.0390606965520921
9472,5.037475714359739,0.003062094693841563
9473,6.5522927185296265,0.05128660764756925
9474,7.975001157758573,0.04014453530901167
9475,9.447649168672417,0.007131872215017523
9476,11.085305800828797,0.08474552813348375
9477,12.413501261280576,0.08320544557948242
9478,13.795676050079875,0.01211287298980542
9479,15.485614793353799,0.026652681462699758
9480,16.98994398174033,0.009092953401535027
9481,18.48507158674819,0.0005602512528244214
9482,19.925927112288825,0.021023265454644755
9483,21.455297100340655,0.0251320906049444
9484,22.8062800238839,0.015137025040699359
9485,24.31805996677717,0.04949762642039176
9486,25.91618460584902,0.05952905986206939
9487,27.34843508162159,0.04093363340930539
9488,28.645282389122166,0.01573841647902902
9489,30.345941271801827,0.07256835628696721
9490,31.82170256115404,0.02894839532389552
9491,33.179717859150344,0.002177773774644113
9492,34.77176132763006,0.07334660720995896
9493,36.26330927170324,0.01686434003642804
9494,37.63914711560104,0.08660021410718724
9495,39.2524631468576,0.046429629689945816
9496,39.70592486462113,0.032459862465469023
9555,128.10739981040928,0.03558784542316239
9556,129.60458345880585,0.04792203646863168
9557,131.07806337755693,0.023198104796188498
9558,132.57559506428998,0.043721387520411534
9559,134.0728921940496,0.045566211916885015
9560,135.50135724135077,0.04542117830671414
9561,136.99288326662065,0.07074516616658681
9562,138.45053472514027,0.050402113975457435
9563,139.93186028370116,0.0748272003356924
9564,141.45790203054818,0.014013709229674043
9565,142.92325048904746,0.07210278449575222
9566,144.4339094022324,0.06696249802430128
9567,145.57453267662643,0.032494267177644545
9568,147.36187317089744,0.06337367862626818
9569,148.5025201584263,0.02999790273481083
9570,150.31698620772192,0.0577161091370082
9571,151.58645345280456,0.00431452533401024
9572,153.26050815089886,0.009575403782721358
9573,154.7687144097534,0.07569571880134279
9574,156.19359079807975,0.015414742745563403
9575,157.71301087074073,0.03356160554440383
9576,158.99526541970772,0.06122619868614796
9577,160.66313713837724,0.07147088718162789
9578,162.1510129977233,0.046671666535480584
9579,163.57137229255306,0.062034903328143126
9580,165.14003655990567,0.06842860777607421
9581,166.58538584176455,0.005462257193258926
9582,167.94490873523085,0.08469088737566433
9583,169.29979965783042,0.055717845784105664
9584,171.08432237134903,0.003027014344566291
9585,172.56322509870543,0.04737196179090464
9586,174.03524548964444,0.008489246577668913
9587,175.4814176166054,0.0374964350991344
9588,176.99334239542495,0.013238057446467789
9589,178.46758657140353,0.08013567325390117
9590,179.96202487664587,0.05355725777033251
9591,181.43724275389,0.07497774532218816
9592,182.9148112409571,0.07728837189636667
9593,184.22906165626154,0.0616040651924325
9594,185.8940546136653,0.06352015657026013
9595,187.36055983794256,0.06329994721063623
9596,188.84491932419166,0.044371775177176796
9597,190.3562592558571,0.0042195495957648614
9598,191.85109130438116,0.018762155852969815
9599,193.25063978904075,0.015776704026180127
9600,194.6691543389103,0.06941652208452383
9601,196.27926452682973,0.018954701577687017
9602,197.74991108974595,0.021209269313267866
9603,199.22237242096818,0.02333447845503984
9604,200.6976731364234,0.08384967171151239
9605,202.21906829381615,0.008440452721313892
9606,203.6196261056531,0.011538421514407081
9607,205.12210706723346,0.0033021464209362725
9608,206.52921322543563,0.03588882650983426
9609,208.07804859760464,0.04359379444947805
9610,209.61949286297198,0.010682662495198492
9611,210.94036944331373,0.051573738413455195
9612,212.54638345513746,0.055647916348588615
9613,214.03846778505627,0.040588864332152946
9614,215.55180346236094,0.08033589496939289
9615,217.00328000633374,0.05278155891243709
9616,218.460133583518,0.05272659575078828
9617,219.96908833447122,0.08979187184917459
9618,221.42736334541414,0.018890377830314
9619,222.94142664408164,0.0813580177572773
9620,224.417060494053,0.010763357426015002
9621,225.85312346743544,0.012868041199061252
9622,226.62675198778163,0.08568825716718756
9691,329.5958607269192,0.039765077148747024
9692,331.03283209305505,0.047848154230951546
9693,332.5377046813292,0.06731821300735757
9694,333.99035498788277,0.06956366848079734
9695,335.48579277055535,0.06728386935389188
9696,337.03107501534265,0.011814077499861528
9697,338.4777817436967,0.008831607007510888
9698,339.9390227335686,0.042912016321128746
9699,341.4807861885162,0.036744099260541736
9700,342.74171831579434,0.004723309774889764
9701,344.4049160137007,0.03684695404190509
9702,345.6638973759712,0.05774199472796552
9703,347.3994278581403,0.03510774963079437
9704,348.83561098752756,0.032821433109497145
9705,350.3572107226843,0.05513897288656281
9706,351.8104443024269,0.04967414666520866
9707,353.3229292250476,0.0018786621298545784
9708,354.7428244846407,0.04347150778741969
9709,356.2442167007249,0.02785744991030907
9710,357.5329633176976,0.058964714010696355
9711,359.2354334413889,0.013219644121653464
9712,0.7024960318138118,1.501911260244985
9713,2.174436993888065,1.5485345059936935
9714,3.5302946461260816,1.5488704822729344
9715,5.184244989069788,1.544189404692164
9716,6.612946663914078,1.5369380072083891
9717,8.119322316743638,1.542185732551369
9718,9.158675268293086,1.4885541931739954
9719,11.108850742979584,1.5150467750693861
9720,12.553831781072375,1.5062837180676683
9721,14.082200648884843,1.5092293791697198
9722,15.617106585880245,1.5390616005865438
9723,16.88655512962776,1.5760873546930694
9724,18.453615347611613,1.5549597602630547
9725,19.938895494343388,1.5113006811611398
9726,21.552058501258564,1.5579276369039774
9727,22.991804445055138,1.5111150521534136
9728,24.35365690673039,1.5435530097687273
9729,25.949461061384287,1.5278950843133925
9730,27.421026267902082,1.5040820140408866
9731,28.471113335787837,1.513080575817055
9732,30.416772476756094,1.5732673836525155
9733,31.86636390350661,1.5670255782388391
9734,33.39503410072041,1.4972487624085746
9735,34.87386272960957,1.5258598603238827
9736,36.43859563082701,1.5358555267126979
9737,37.58197940683272,1.5082922009345006
9738,39.272395801408145,1.5028188512805383
9739,39.95088144478864,1.5084022995778663
9798,128.60120416797406,1.5207956555467415
9799,130.07879925021678,1.551558179777437
9800,131.6351491970604,1.5003255803238693
9801,133.06667582193222,1.5434509684968554
9802,134.50227848280545,1.4915282887075036
9803,136.06637102795779,1.5623183856198084
9804,137.57142273710218,1.548644045032482
9805,139.0081884587124,1.4972214286198444
9806,140.51629408539344,1.5624842713355196
9807,141.66823287697028,1.5098697721515966
9808,143.53451789183703,1.5368877544893327
9809,144.9597455685832,1.5185910767648922
9810,146.5244234084792,1.5511448067222402
9811,147.94754064090574,1.549260405435974
9812,149.5041017469682,1.5217368533646352
9813,150.94618335772427,1.575319986335265
9814,152.4043747841437,1.5070779699181933
9815,153.90669177878257,1.512906869114994
9816,155.38248777156954,1.5485915630586267
9817,156.6799699772593,1.50714385174531
9818,158.27219448441028,1.5049146600085088
9819,159.85184648427654,1.534872781267379
9820,161.35552375683412,1.5123020283680906
9821,162.80258211947228,1.4956112890525552
9822,164.28530257259467,1.5517192832376845
9823,165.64291676882686,1.5523354991248854
9824,167.2758080395471,1.4941580704395998
9825,168.6793391177882,1.5508117054411412
9826,170.06104503112348,1.5394210611896575
9827,171.77520636436404,1.5720395406912209
9828,173.28289282723514,1.4883472022549762
9829,174.75818800912623,1.4984133035832652
9830,176.2289102314113,1.4893887213941073
9831,177.75307628560705,1.5093129289097806
9832,179.1833839325245,1.538468749090846
9833,180.5895994320512,1.516058714115283
9834,182.08815639013895,1.5744958955137451
9835,183.63041114128913,1.519898645055582
9836,184.98613281283218,1.5013443590401643
9837,186.69084613925668,1.5220239526131187
9838,188.13484620410372,1.5193978572127274
9839,189.60486182287173,1.5353363627972443
9840,191.152405685798,1.5014803451496022
9841,192.59475046860516,1.5298235292279927
9842,194.10363687099817,1.4941591306733053
9843,195.5511479321986,1.5345048759690223
9844,197.05650984844334,1.5626910759466122
9845,198.5351377710474,1.5361142502101168
9846,199.99477047940377,1.5088424489029797
9847,201.4080125507841,1.49855391597064
9848,203.03249319239032,1.5066473320225224
9849,204.50673073366517,1.5267292391546645
9850,206.00024872056625,1.573429361453711
9851,207.2943237227504,1.5750610831188212
9852,208.98286591175787,1.5618646215688103
9853,210.31782660842552,1.5638262543101544
9854,211.8389796505267,1.5759175946826884
9855,213.45279680788758,1.5319444061246912
9856,214.81108984436463,1.5362893805191673
9857,216.44449740813647,1.4885381381717822
9858,217.88996146298152,1.5045524519267546
9859,219.3362155952785,1.5378043454296708
9860,220.83231061672413,1.5317428506770838
9861,222.38679151932396,1.5549585553842595
9862,223.71432258419185,1.50752506055607
9863,225.29478582894677,1.53333949100338
9864,226.47998546886453,1.551026800493613
9933,329.49200294801085,1.937128128176939
9934,330.9040295029103,1.551257806656411
9935,332.43866523273243,1.5296211560569855
9936,333.92207261332,1.4920126767088095
9937,335.4218009652692,1.556053317669097
9938,336.8874080702982,1.5407456909656918
9939,338.40630015037596,1.4926897654291447
9940,339.8720398397306,1.5610738280790109
9941,341.3151805066209,1.4893123483155861
9942,342.8304341655377,1.5221825734431402
9943,344.31586364458377,1.488702665050487
9944,345.83065351212383,1.4973513030157282
9945,347.2792224009512,1.5223508957236216
9946,348.836793267726,1.5293211473302077
9947,350.247551767726,1.5373482790858355
9948,351.79962737032207,1.5233670740445646
9949,353.16481527234276,1.4977404672813477
9950,354.7119409899622,1.5312945195479934
9951,356.1787304531027,1.5549817674326438
9952,357.7172406476684,1.496563447795429
9953,359.2201024058177,1.528402642354453
9954,0.7028421435284018,3.000993328823169
9955,2.14195170854306,2.977901191227207
9956,3.3092940099782657,3.021846856141517
9957,5.161866045057493,3.0554073565861457
9958,6.606848155104483,2.9802845339709236
9959,8.112952553238536,2.982554406550129
9960,9.623259174645316,3.0071656435406213
9961,11.077642495778436,3.0203241489483577
9962,12.597870414547897,3.026646641033784
9963,14.119055310813524,2.9826740789821478
9964,15.510601198075992,2.9761781773927614
9965,17.02361142945643,3.010675614638893
9966,18.45672960404556,3.044855113426155
9967,20.066969686461956,3.012541543545181
9968,21.485058626153933,2.9858840314499053
9969,22.98483810653489,3.0515662749282906
9970,24.466292340301376,3.0196216605749644
9971,25.967534824139655,3.0376382295946667
9972,27.339472028934658,3.015577200861111
9973,28.205795976815097,3.0087655197998
9974,30.473959847541796,3.005397449406181
9975,31.97306109362333,2.9848961208709186
9976,33.3199897276758,2.985285089799427
9977,34.84450017979755,2.9790929746714863
9978,36.26996409731432,2.9905255045874775
9979,37.74054242022006,2.977589733963752
9980,39.20674200707085,3.050266677010131
9981,40.349663702691636,3.016778954600734
10040,128.63535458039382,2.997976774389578
10041,130.09700409597554,3.015731332070645
10042,131.61670589459348,3.05649237564591
10043,133.07036315649495,3.0361820263437087
10044,134.59322267256925,3.005007494918393
10045,136.0540191972497,2.989149972173066
10046,137.53250578367536,3.0326459411887305
10047,139.05370800226984,3.065111146664984
10048,140.53377691891177,3.0195852080570766
10049,141.82640737730708,2.98258132384078
10050,143.48796348891503,3.0113894358034843
10051,144.89803179875418,3.0536482845765134
10052,146.4699283154109,3.021851092163628
10053,147.93659322961634,3.015366652492179
10054,149.42787674007198,2.9888163803995003
10055,150.96183391147972,2.9979576991002603
10056,152.42958461440216,3.053218501695193
10057,153.89101640849256,3.021813186189519
10058,155.43818324095147,2.999244689360554
10059,156.9196178590354,3.029729527162052
10060,158.3820838905491,3.012603462387848
10061,159.7261190071047,2.999886052453237
10062,161.37285733538286,2.9910826973544045
10063,162.82914515915456,2.9928863538467545
10064,164.33687871489363,2.977803449132212
10065,165.6231022214403,2.9794546497535563
10066,167.27244564031986,3.0650813480951733
10067,168.81881851960512,2.978106947509336
10068,170.2750801706171,3.013299329655097
10069,171.81317058571602,3.0539384162851446
10070,173.21567790342718,2.9814665066298964
10071,174.74643333502976,3.0319656696928527
10072,176.20411659207065,3.0380552999582657
10073,177.6331965284477,2.9959625834033856
10074,179.1710704743243,2.989326712049242
10075,180.5844450787092,3.0470979588681173
10076,182.22102206345758,3.0570870334806943
10077,183.67520826210767,3.056987748125417
10078,185.12573152655892,3.0549483192210145
10079,186.6151723902361,2.9948965371407854
10080,188.15395760022724,3.027284681511397
10081,189.6089303309493,2.991473727956781
10082,191.07065145551238,3.015904808999739
10083,192.5771800520393,3.039166254973217
10084,194.06406777808047,3.051188468186844
10085,195.54408917950514,3.026779023345912
10086,196.9333214082079,2.9862519863568684
10087,198.41082250465757,3.048299321445334
10088,200.07240331218566,2.9780028748436838
10089,201.5655052768198,3.012730591337976
10090,202.9716593154151,2.990956813195635
10091,204.47935422940816,3.009013547709346
10092,205.97439764720372,2.9817836032752245
10093,207.47968557338865,3.0460758307112696
10094,208.94182005095192,3.002077116214129
10095,210.4945209468708,3.062761473359144
10096,211.97142072556218,3.0062714783893743
10097,213.44821525927836,3.031647038399079
10098,214.88935509344913,3.0111081506181696
10099,216.41133161943404,2.986190969792666
10100,217.85090146542439,2.9776885722431303
10101,219.413662708743,2.989094775058156
10102,220.85930758045555,3.026482228287055
10103,222.34391313240337,3.020684832348982
10104,223.87182202049536,2.996663761664927
10105,225.3456668411862,3.063071602811916
10106,226.22486762153895,3.055738179581167
10175,329.5041102341847,4.0299884909725865
10176,330.9423054847329,3.0331918465576275
10177,332.39333273730927,3.0349888207327687
10178,333.9224501241894,3.017530166953634
10179,335.4521779941393,3.0422277871961914
10180,336.86369183080757,2.9834801752309663
10181,338.3991331763407,3.038156563281349
10182,339.8712948713478,3.0477057451979332
10183,341.2656329089945,3.016286133633099
10184,342.87183287661514,2.994885258835859
10185,344.1938334883425,3.0033631250287662
10186,345.66304990314796,3.044500421081704
10187,347.3179523398816,3.018605488170215
10188,348.82988527689383,3.01353550624409
10189,350.18754389655646,3.0280248121857514
10190,351.779210147747,3.0375973013271413
10191,353.18891547900057,2.98971726853315
10192,354.7522926742241,2.977329397542822
10193,356.0687645641576,3.0309783165764563
10194,357.69864114448336,2.981597994588707
10195,359.12571667690406,3.0055292123680495
10196,0.49111665025227796,4.501402747519047
10197,2.0710719780929665,4.489907859788928
10198,3.6507720773302386,4.4791748079179845
10199,5.083704027071135,4.508207724608538
10200,6.354699995712601,4.495195744107557
10201,8.096003477042172,4.47217932624425
10202,9.422226166261314,4.526866729852079
10203,11.090330165652844,4.507072494322989
10204,12.228988467445747,4.483789851541308
10205,14.037516967010609,4.485253930118995
10206,15.567966005282297,4.496391428457542
10207,16.597533437111874,4.471058018170418
10208,18.322558984036785,4.503519818237923
10209,20.02764806598396,4.508594245208093
10210,21.44021571491004,4.503286280580509
10211,22.98119913058835,4.4879233522752875
10212,24.488904741250373,4.476016140503023
10213,26.028110397688483,4.467261239409731
10214,27.51246070463896,4.481358696797679
10215,28.752035978998215,4.478144896693207
10216,30.488578472801947,4.520868463244186
10217,31.813930556501703,4.492018494751832
10218,33.45959013883945,4.464305465535292
10219,34.90973757590365,4.474841659053252
10220,36.40899852701503,4.512863817806911
10221,37.83531334397471,4.539987387756782
10222,39.33510294273817,4.478694241839753
10223,39.57626996587829,4.532962689528591
10282,128.62637567731517,4.495635802173525
10283,130.1321315876344,4.4934831913754705
10284,131.62372219040154,4.469569862164625
10285,133.12351827192,4.512065478102736
10286,134.56798659513447,4.475897996181578
10287,136.0349739029982,4.544442664720399
10288,137.52472286391387,4.551740546021635
10289,139.08445462147108,4.473160696225105
10290,140.50881249522476,4.5395512564612845
10291,142.0656765462165,4.533712818993156
10292,143.32921771994629,4.513945537792088
10293,145.0357006299405,4.486345309767594
10294,146.41728602079456,4.4990461295159045
10295,147.82267275874676,4.494402051209081
10296,149.32492801884052,4.465438749023803
10297,150.98849255932345,4.528176944329567
10298,152.47457662441602,4.500272769188127
10299,153.74416953777572,4.485474102943196
10300,155.22778476100868,4.551731578327714
10301,156.74132645477314,4.502914448578796
10302,158.38128253784774,4.535975851155021
10303,159.87971578157072,4.537108276297215
10304,161.37590610026112,4.540087537225201
10305,162.45562613321712,4.487627113548734
10306,164.3366520476914,4.465276632787125
10307,165.80338141979118,4.47867442373622
10308,167.29597795513905,4.545554746493582
10309,168.77072664549502,4.486574304507917
10310,170.271094905938,4.529171336229864
10311,171.58004447061495,4.5296889506399385
10312,173.22790679233108,4.516754046575609
10313,174.78630239734017,4.472277126223572
10314,176.03007380855036,4.549703107220145
10315,177.72779026816843,4.5272302206436645
10316,179.2252044170874,4.471553782900971
10317,180.6096241071529,4.4792090578332555
10318,182.04633869037693,4.519634321733887
10319,183.29854058220158,4.485843620892297
10320,185.15038451003056,4.550738244906806
10321,186.6244302698067,4.521198455807638
10322,188.1631477194479,4.491263601629466
10323,189.60637494539645,4.499574260508975
10324,191.12817276592858,4.530981923818665
10325,192.586137293586,4.474620654257006
10326,194.11882449963056,4.551110048490149
10327,195.53337069141006,4.493170122276707
10328,197.08491028601313,4.464589847703017
10329,198.54430490115783,4.498679600133039
10330,200.0059729452194,4.4651510465552064
10331,201.49595854643604,4.497908471457133
10332,202.9727107138062,4.48813008775171
10333,204.48817880546252,4.503204706645811
10334,205.85911249854624,4.483538482906433
10335,207.36353199165097,4.495315834506804
10336,208.97160052750226,4.511378519353801
10337,210.4476472021494,4.552331506361815
10338,211.9393851693924,4.46391283184353
10339,213.4226498293594,4.486335995708962
10340,214.9492767579409,4.473665505571329
10341,216.41517994206333,4.469564572925279
10342,217.874673780402,4.465571489816735
10343,219.35552785739227,4.471081843087493
10344,220.84920428586253,4.499731607371769
10345,222.39432917678243,4.49011542750535
10346,223.85676031273908,4.5399555219290155
10347,225.33337419326642,4.479756724628176
10348,226.59397848007353,4.468426586531886
10418,330.95322677500417,4.470256969421669
10419,332.3404612711495,4.484024774707451
10420,333.8797472113321,4.464621426418684
10421,335.3688285656909,4.510258481003022
10422,336.94136419562585,4.472185603067297
10423,338.3669660161276,4.511070804648499
10424,339.83548932281394,4.538526235270094
10425,341.2376364195971,4.510596123051271
10426,342.82627860318945,4.516775611586726
10427,344.3439455710321,4.506890931764263
10428,345.81007994392525,4.505485142590023
10429,347.14798821094917,4.484869396861408
10430,348.7682637136786,4.538346585292734
10431,350.2461209254751,4.508716161771
10432,351.75966607820567,4.498105237567469
10433,353.2992143164195,4.4785508902228255
10434,354.5870858362295,4.474679100040732
10435,356.24167536642085,4.494464620007916
10436,357.55258524697365,4.47036948947051
10437,359.11983096030474,4.47126402942637
10438,0.7113484805868523,5.959107044115418
10439,2.188456900137478,6.0281505051365105
10440,3.726520264806144,5.957832668937063
10441,5.139389290600793,5.95886301365653
10442,6.384768835575218,6.023951795244783
10443,8.20962736374884,5.978728212645033
10444,9.657415246140982,6.033007970769038
10445,11.154555421653532,6.016217170131309
10446,12.585128038226657,6.032986639493694
10447,14.135583408068806,6.002285269840038
10448,15.107173591090675,5.989814635895366
10449,16.98624449235649,5.976765647432197
10450,18.60549572747868,5.951035900270646
10451,20.098649692779468,5.982986795857565
10452,21.51561837882364,5.962637164747538
10453,22.97767561727731,5.99917255701938
10454,24.547135921115018,5.970861912057223
10455,25.54959274616094,5.963892390397565
10458,30.38754016248577,6.02729107751932
10459,31.514668431857288,5.977817154183725
10460,33.487625591325475,6.036842120330082
10461,34.933319253316114,5.973769043534848
10462,36.521477105753654,5.98294535826438
10463,37.38316919594747,6.023063988660446
10464,39.25207343496254,5.97744892591571
10659,330.86653471045605,5.9580285247593805
10660,332.3182062530927,5.952436046231072
10661,333.7882263518293,6.008354256896844
10662,335.3153297152789,5.97374156639444
10663,336.7846686695094,6.038919762499534
10664,338.32026464984125,6.0203910077104466
10665,339.79489576248494,6.002633542054529
10666,341.2444124344819,6.0167149224045255
10667,342.8053710058214,6.032567271116368
10668,344.07722216063826,5.963143928005255
10669,345.78323545258564,6.008883993377543
10670,347.0899074783196,6.001293083219278
10671,348.7505649400406,6.027229507080647
10672,350.2136735355894,6.015549343012341
10673,351.58831157294486,6.020561158714661
10674,353.0540708377527,6.039849287170824
10675,354.65667193500536,5.98702219545401
10676,356.1838109709268,5.994089372161646
10677,357.66839543312466,5.979223123573842
10678,359.08489192437713,5.9519265090034335
10899,330.6602682581623,7.457889591452764
10900,331.99755924845834,7.471209035870582
10901,333.7110450642488,7.4609609088822015
10902,335.181482943407,7.4803758430836345
10903,336.67947957755626,7.4526715111233175
10904,337.84579025827173,7.458351505431028
15808,199.66554545463674,41.829246857549506
15809,201.7507237278599,41.79568066390842
15810,203.75898989770022,41.829188778305834
15811,205.61432211041028,41.91427154021743
15812,207.21982715499414,41.84636079129222
15813,208.97309789745435,41.92113121052343
15814,211.76377351242976,41.915461425297195
15815,213.8107183059896,41.822294274501715
15816,215.7299022353566,41.83367073125794
15817,217.49535702402764,41.80212863865087
15818,219.75067205375692,41.85221363099328
15819,221.54959035887072,41.862737298359754
15820,223.55651467818808,41.87565480691506
15821,225.23497086443183,41.84838810488563
15822,227.17298593288982,41.85042446323635
15823,229.1077093978394,41.92630394185566
15824,231.65510111426596,41.88095578504286
15825,233.62728968216365,41.849347232423945
15826,235.66956045850543,41.91653539066543
15827,237.61728660549883,41.91413531930098
15828,239.6581368280997,41.859427796674055
15829,241.11564455690362,41.88316581138796
15830,243.62125574490108,41.886751479937445
15831,245.54716059613233,41.875647191242386
15832,247.54832047364732,41.789449681451345
15833,249.59966860226288,41.811476991423255
15834,250.24324654188365,41.90983898886124
15987,200.31057754575892,43.152459045187555
15988,202.34451025745912,43.18454443437152
15989,203.37504416165973,43.197342867963734
15990,205.87635621726292,43.163561239582464
15991,208.12835732080922,43.1420349419491
15992,210.21406911726805,43.19469597449737
15993,212.4814818418126,43.19837032696589
15994,214.28608547623352,43.16380370679989
15995,216.60566639517808,43.14588485607548
15996,218.39077336918547,43.158553496136044
15997,220.48405415808043,43.17232063755756
15998,222.70310316964589,43.19882505654271
15999,224.65325083685036,43.195991953688896
16000,226.71958826356956,43.14636814818813
16001,228.80211212711927,43.15170940584865
16002,230.816574480345,43.148428075831525
16003,232.6227615366761,43.198175049410494
16004,234.8960702836597,43.18924445523166
16005,236.67547229980747,43.184133360035766
16006,238.87575501016101,43.1513294485711
16007,240.98050930562806,43.203664544680535
16008,242.90786055321382,43.14408378216537
16009,245.0350625572984,43.17319060456043
16010,247.0252791340886,43.212964328306505
16011,248.81628954123576,43.186023466307695
16012,250.9136592245286,43.15938929038094
16162,200.77386995463735,44.66604848471296
16163,202.84207082822854,44.62869125634668
16164,204.30909617779747,44.69447637299113
16165,206.9922170267478,44.71127839084374
16166,209.09815989316783,44.67246494316625
16167,211.17410942926514,44.684126430646195
16168,213.17346149830092,44.67856190862535
16169,215.22846327984345,44.65728458827775
16170,217.3144102511912,44.677268653062086
16171,219.4339047915838,44.66147588835769
16172,221.39294368056355,44.661343671799976
16173,223.69241735407903,44.67712805992782
16174,225.46923330932583,44.674415612155215
16175,227.82229233211547,44.64232758199106
16176,229.91997973295938,44.70245867641934
16177,231.94660552653076,44.68661265417119
16178,233.99149046622324,44.652900493961475
16179,235.97914056229962,44.67425695119222
16180,237.95083411081845,44.66985386273734
16181,240.18962056126367,44.64060866313253
16182,242.31091829647121,44.66613271315247
16183,244.3800921751051,44.677402417980204
16184,246.48501487958816,44.67916217116533
16185,248.40194118809615,44.681492167406674
16186,249.75424425553805,44.62872502919001
16821,213.82812825164513,51.765295883739164
16822,214.50892504653507,51.75588722637702
16972,213.7385105706257,52.14813472551097
16973,215.37443913982855,52.09270659471533
